en,Nikki Pressley
en,George Nelson Preston
en,Steve Prince
en,Michael Queenland
en,Wanda Raimundi
en,Ashton Ramsey
en,Rontherin Ratliff
en,Jeanne Raynal
en,Douglas Redd
en,Carl Richardson
en,Tanea Richardson
en,Gregory Ridley
en,Bob Rivera
en,Angela M. Rivers
en,Jimmy Robert
en,Marc Andre Robinson
en,Nadine Robinson
en,Tommy L. Robinson
en,Zoe Charlton
en,Caitlin Cherry
en,Ralph Chesse
en,Gabrielle Civil
en,Taha Clayton
en,Kinshasha Holman Conwill
en,Mike Cloud
en,Gregory Coates
en,Gylbert Coker
en,Brandon Coley Cox
en,Bethany Collins
en,Elizabeth Colomba
en,Dan Concholar
en,Brett Cook Dizney
en,Huey Copeland
en,William Cordova
en,Pat Davis
en,Camille Norment
en,Daniel Dawson
en,William Dawson
en,Linda Day Clark
en,Ryan Dennis
en,Paul Deo
en,Ziomara De Oliver
en,Murray De Pillars
en,James Denmark
en,Erika Diamond
en,Modou Dieng
en,S. Vincent Dillard
en,Stephanie Dinkins
en,Marita Dingus
en,James W. Donaldson
en,Nathaniel Donnett
en,Seteria Dorsey
en,Ayana Evans
en,Kenya Evans
en,Kevin Jerome Everson
en,Ginger Ewing
en,Zachary Fabri
en,Charles Farrar
en,Rashida Ferdinand
en,Roy Ferdinand
en,Claude Ferguson
en,James E. Ferguson II
en,Sherman Fleming
en,David Fludd
en,Derrick Fludd
en,Florville Foy
en,Miriam Francis
en,Chanelle Nicole Frazier
en,Russell Frederick
en,Domingo Garcia
en,Paul Gardere
en,Nettrice Gaskins
en,Rico Gatson
en,Buraimoh Gbadamosi
en,Rennie George
en,Justine Georges
en,Ray Gibson
en,Claudia Gibson-Hunter
en,Charles Gillam
en,Akweke Singho
en,Franklin Sirmans
en,Nicholas Sironka
en,Jeff Sonhouse
en,Lisa Soto
en,Karyn Olivier
en,Hannah Black
en,Diamond Antoinette Stingily
en,Frank Stewart
en,Lloyd Stevens
en,Stan Squirewell
en,Sol'Sax
en,Ming Smith
en,Kaneem Smith
en,George Smith
en,Beuford Smith
en,Alfred F. Smith
en,Paul Anthony Smith
en,Charles Smith
en,Alexandria Smith
en,Milt Simons
en,Arthur Simms
en,Sienna Shields
en,Welmon Sharlehorne
en,Ayo Scott
en,Patricia Satterwhite
en,Eve Sandler
en,Terrence Sanders
en,Bert Samples
en,Loul Samater
en,Ed Salter
en,Charles Sallee
en,Lezley Saar
en,John Rozelle
en,Iona Rozeal Brown
en,Sandra Rowe
en,Jonathon Romain
en,Luis Jorge Rodriguez
en,Lorenzo Pace
en,Muraina Oyelami
en,Ida Owens
en,Hayward Oubre
en,Mimi Onuoha
en,Terrence Osborne
en,Ademola Onibon-Okuta
en,Nkiruka J. Oparah
en,Ademola Olugebefola
en,Valerie Cassel Oliver
en,Dexter Oliver
en,Lovie Olivia
en,Asiru Olatunde
en,Andrews Ofori Danso
en,Brandan Odums
en,Puchio Odio
en,Michelle Nkoyo Lavigne
en,Sokhaya Charles Nkosi
en,Serge Alain Nitegeka
en,Floyd Newsum
en,Rashaad Newsome
en,Rudzani Nemasetoni
en,Cecil Dewey Nelson
en,Ruben Natal-San Miguel
en,Malik Nashad Sharpe
en,Adolfo Nadal Walcot
en,Sana Musasama
en,Rex Goreleigh
en,Hugh Grannum
en,Naima Green
en,Rafala Green
en,Jacci Gresham
en,Rashawn Griffin
en,Ray Grist
en,Adler Guerrier
en,Gia Hamilton
en,Lamont Hamilton
en,Akintola Hanif
en,Hugh Harrell
en,Diedra Harris
en,Kasimu Harris
en,L. Kasimu Harris
en,Victor Harris
en,Ilana Harris-Babou
en,Cherice Harrison-Nelson
en,Alex Harsley
en,David Hartt
en,Cynthia Hawkins
en,Cheryl Hayes
en,Fred Hayes
en,Stephen L. Hayes Jr.
en,Lauren Haynes
en,Napoleon Jones-Henderson
en,Gregory Henry
en,Janet Henry
en,Randall Henry
en,Vivian Davidson Hewitt
en,Frida High-Wasikhongo
en,Candace Hill-Montgomery
en,Linda Hiwot
en,Wayne Hodge
en,Robert Hodge
en,Fred Holland
en,Patricia Howard
en,"Earlie Hudnall, Jr."
en,Houston Museum of African American Culture
en,Lehna Huie
en,Jibade-Khalil Huffman
en,Manuel Hughes
en,Horton Humble
en,Rosine Kouamen
en,Robbie Lee
en,El Franco Lee II
en,Lester Julian Merriweather
en,Nii Ahene Mettle-Nunoo
en,Lana Meyon
en,Earl Miller
en,Onnie Millar
en,Tom Miller
en,Adia Millett
en,Lev Mills
en,Lionel Milton
en,George Mingo
en,Reginald Mitchell
en,Tyrone Mitchell
en,Meleko Mokgosi
en,Cristina Molina
en,Darryl Montana
en,Jay Moon
en,Philip Moore
en,Ka Morais
en,Ivan Morazan
en,Rafael Morla
en,Tumelo Mosaka
en,Alkebu Motapa
en,Marlon Mullen
en,Jasmine Murrell
en,Dionne Simpson
en,Dominique Fontaine
en,Karen Miranda Augustine
en,Jan Wade
en,Jessica Karuhanga
en,Melinda Mollineaux
en,Michelle Jacques
en,Pamela Edmonds
en,Roger McTair
en,Roland Jean
en,Julia Brown
en,Mendi Obadike
en,Charlotte Richardson
en,Ira Smith
en,Paula Wilson
en,Lauren Woods
en,Catherine James
en,John Barnes
en,Jeffrey Cook
en,Walter Davis
en,Reginald Jackson
en,Walter Jackson
en,Oliver Johnson
en,William Joseph
en,James Little
en,David MacDonald
en,Robert Reid
en,Charles Simms
en,Christian Walker
en,Albert Watson
en,Chris Watts
en,Clifton Webb
en,Gerald Williams
en,David Wilson
en,John Wilson
en,Richard Antihomme
en,Endia Beal
en,Mequitta Ajuha
en,Otabenga Jones & Associates
en,Vincent Wilson
en,Frances Bodomo
en,Morgan and Marvin Smith
en,Kevin Sampson
en,Carolyn Lawrence
en,Edythe Boone
en,Dahlia Elsayed
en,Vanessa German
en,Rodney Bennett
en,African American Quilt Circle of Durham
en,Sharon Towana Austin
en,Melvin Carver
en,Chandra Cox
en,Walt Davis (visual artist)
en,Acha Debela
en,Debi Drew
en,Joan Tarika Lewis
en,Beth Perry
en,Kenneth Rodgers
en,Legacy Russell
en,Marin Hassinger
en,Miguel Luciano
en,Nicolas Dumit Estevez
en,Rachelle Mozman
en,Rafael Sanchez
en,Rajkamal Kahlon
en,Rico Gaston
en,Scherezade García
en,Iliana Emilia García
en,Sherrill Roland
en,Didier William
en,Geo Wyeth
en,Olaniyi R. Akindiya
en,Joe Conzo
en,Justin Davy
en,Ikechukwu Francis Okoronkwo
en,Reem A. Hassan
en,Admire Kamudzengerere
en,James N. Kienitz Wilkins
en,Rose Kirumira
en,Imani Jacqueline Brown
en,John H. Barnes
en,Alicia Le'Von Boone
en,Rodeo Caldonia
en,Michelle Marie Charles
en,Ruby Onyinyechi Amanze
en,Ray Noland
en,Rashayla Marie Brown
en,Edra Soto
en,Amanda Williams
en,Nyeema Morgan
en,Janet Dees
en,Yesomi Umolu
en,Erin Jenoa Gilbert
en,Andre D. Wagner
en,Tempestt Hazel
en,Ronald Bazile
en,Atis Rezistans
en,Dumisani Mabaso
en,Lydia Y. Nichols
en,Wilmer Wilson IV
en,Kesha Bruce
en,Andrianna Campbell
en,Madalena Santos Reinbold
en,Dawn Scott
en,Joseph Buckley
en,Cicely Carew
en,John L. Moore
en,Jodie Lyn-Kee-Chow
en,Okechukwu Okegrass Ofiaeli
en,Margaret Rose Vendryes
en,Niama Safia Sandy
en,Dorothy Henriques-Wells
en,Allison Glenn
en,Anna Martine Whitehead
en,Anthony Stepter
en,Caroline Kent
en,Danny Giles
en,Kamilah Rashied
en,Romi Crawford
en,Rhythm of Structure
en,Carmen Neely
en,Walter Faribault Jr.
en,Connie Floyd
en,Andre Leon Grey
en,Vandorn Hinnant
en,John Hughley
en,Kenneth J. Lewis Sr.
en,Teka Selman
en,William Paul Thomas
en,Antonio Wise
en,Sable Elyse Smith
en,Dick Stroud Shihan
en,Arnold Hurley
en,Milton Derr
en,Gary Rickson
en,Leo Robinson
en,Alfred J. Smith
en,Richard Stroud
en,Ekua Holmes
en,Marjorie Saintil­-Belizaire
en,Dell Hamilton
en,Chico Colvard
en,Camilo Alvarez
en,Tomashi Jackson
en,Edward McCluney
en,Marlene Lewis-Weinberger
en,Alva Rogers
en,Susan Robeson
en,Virginia Jaramillo
en,Gloria Bohanon
en,Cynthia Brannvall
en,Gladys Barker Grauer
en,Jonathas de Andrade
en,Courtney Buckley
en,Dyani Douze
en,Aaron Fowler
en,Dania W. Frink
en,Deborah Roberts
en,Devan Shimoyama
en,Jasmine Thomas-Girvan
en,Carlos Rolón
en,Khadija Saye
en,Carrie Hawks
en,Africa's Out!
en,Noelle Théard
en,"We Wanted a Revolution: Black Radical Women, 1965-85 / A Sourcebook"
en,Eliza Myrie
en,Tiona Nekkia McClodden
en,Ajuan Mance
en,Della Wells
en,Anwar Floyd-Pruitt
en,The African-American Heritage Museum and Black Veteran's Archive
en,Sharif Bey
en,Bernard Williams
en,Blanche Brown
en,Christopher McIntyre
en,Larry Chatman
en,Madge Scott
en,Mikal Floyd-Pruitt
en,Mutópe J. Johnson
en,Portia Cobb
en,Ras ‘Ammar Nsoroma
en,Reginald Baylor
en,Sonji Hunt
en,Trenton Baylor
en,Tyanna Buie
en,African American Art Alliance
en,The Gallery Toward the Black Aesthetic
en,Bronzeville
en,David Butler
en,Kamante Gatura
en,Mary Le Ravin
en,Cy Gavin
en,The 8th Floor
en,Lénord Fortuné
en,Suhaly Bautista-Carolina
en,Raynes Birkbeck
en,Christie Neptune
en,L. Dianna Flournoy
en,NIC Kay
en,Basil Kincaid
en,Kagiso Patrick Mautloa
en,Iyabo Kwayana
en,Babirye Leilah
en,Antonio McAfee
en,Joiri Minaya
en,Derrick Woods-Morrow
en,Zora J. Murff
en,Yetunde Olagbaju
en,Keisha Scarville
en,Karen Seneferu
en,Fannie Sosa
en,Pat Evans
en,Sage Stargate
en,Sam Vernon
en,The Very Black Project
en,Alejandro Guzmán
en,Carlos de León Sandoval
en,Karina Skvirsky
en,LaTasha Nevada Diggs