lang,title
en,Deval Patrick
en,Ashton Eaton
en,Corbin Bleu
en,Carmelita Jeter
en,Chuck Berry
en,"Martin Luther King, Jr."
en,Annie Easley
en,Ivory Joe Hunter
en,Tracy Morgan
en,Lil Wayne
en,Marreese Speights
en,Vondie Curtis-Hall
en,Eazy-E
en,Terrence Jones
en,Joan Higginbotham
en,John Lee Hooker
en,Montel Vontavious Porter
en,Chris Paul
en,Armond Hill
en,Jay-Z
en,Dion Waiters
en,Cassie Ventura
en,Thelonious Monk
en,Cannonball Adderley
en,Arvell Jones
en,Andy Razaf
en,Alicia Keys
en,Kendrick Perkins
en,Nat King Cole
en,Shawn Kemp
en,Keri Hilson
en,Angela Davis
en,Ashanti
en,Leonard Ware
en,Nicki Minaj
en,Wesley Morris
en,Boosie Badazz
en,Yung Joc
en,Shaquille O'Neal
en,Vin Diesel
en,The Notorious B.I.G.
en,Arian Foster
en,Kelly Rowland
en,DeJuan Collins
en,Martin Holley
en,Zendaya
en,Antrel Rolle
en,Russell Westbrook
en,Tracy McGrady
en,James Earl Jones
en,J. Cole
en,Mahalia Jackson
en,John Kevin Mackey
en,Marion Jones
en,Fats Domino
en,Julius Erving
en,Flo Rida
en,Jordin Sparks
en,Gail Devers
en,Chris Tucker
en,Jaden Smith
en,Harrison Barnes
en,Justin Tryon
en,Afroman
en,Mo'Nique
en,Viola Davis
en,Roberta Flack
en,Macy Gray
en,Ruby Dee
en,Chanel Iman
en,Kia Stevens
en,Michelle Perry
en,Della Reese
en,Patti Austin
en,Mary Wineberg
en,Jessye Norman
en,Tash
en,Candace Parker
en,Crooked I
en,Matana Roberts
en,Linda Hopkins
en,Bianca Knight
en,Traci Bingham
en,Chryste Gaines
en,Yaphet Kotto
en,Blanche Calloway
