item,itemLabel
en,Floyd McKissick
en,Frances Cress Welsing
en,Frank Burgess
en,Frank Butler
en,Frank Matthews
en,Franklin Florence
en,Frayser Boy
en,Fred Gray
en,Freddie Roulette
en,Garland E. Pierce
en,Gay McDougall
en,Genesis the Greykid
en,Geno Delafose
en,"George Augustus Stallings, Jr."
en,George C. Wolfe
en,George Johnson
en,George T. Alexander
en,George Washington Buckner
en,Rustee Allen
en,Gerald Walker
en,Gerron Levi
en,Gerrod Henderson
en,Gervasio Gonz√°lez
en,Gil Noble
en,"Gilbert ""Whip"" Wilson"
en,Gilbert Price
en,Gino Washington
en,Glen Coffee
en,Glenn Braggs
en,Glenn Holt
en,Tebucky Jones
en,Terry Glenn
en,Goldie Taylor
en,Grady Brewer
en,Wyatt Cenac
en,Greg Porter
en,Greg Reeves
en,Grizz Chapman
en,William Conton
en,Gwendolyn M. Miller
en,Gyno Pomare
en,Hal Bennett
en,Hamilton E. Holmes
en,Harold E. Pierce
en,Harold K. Hoskins
en,Harriet Hemings
en,Harry Buckner
en,Hastings Arthur Wise
en,Hattie Hart
en,Henry Alvin Cameron
en,Henry Blair
en,Henry Francis Downing
en,Henry Frye
en,Henry Sanders
en,Henry W. Moore
en,Herman Perry
en,Herman Watts
en,Toccara Jones
en,Hop Wilson
en,Horace Clarence Boyer
en,Howard Grimes
en,John Delafose
en,Everett Lee
en,John Fuqua
en,Israel Jefferson
en,Iyanla Vanzant
en,Izza Kizza
en,J. Andrew Bowler
en,"J. Ernest Wilkins, Sr."
en,J. Rosamond Johnson
en,JR Hutson
en,Jack Ashford
en,Jack Sisson
en,Jackie Neal
en,Jamaal Franklin
en,Jamal Mustafa
en,James D. Corrothers
en,James David Manning
en,James E.C. Perry
en,James Hemings
en,James Johnson
en,James McCune Smith
en,James R. Newby
en,"James R. Roebuck, Jr."
en,James Rodney Gilstrap
en,James Sanders
en,"James W. Washington, Jr."
en,James Ware
en,James Young
en,Jap Payne
en,Jarious Jackson
en,Jay Walker
en,William Artis
en,Jean-Claude La Marre
en,Jeff Johnson
en,Jeff Rivera
en,Jeh Johnson
en,Jennifer McClellan
en,Jerald Clark
